{"assets/json/loading.json":["assets/json/loading.json"],"fonts/DancingScript-Regular.ttf":["fonts/DancingScript-Regular.ttf"],"images/Empty-bro.png":["images/Empty-bro.png"],"images/placeholder.png":["images/placeholder.png"],"images/undraw_empty_xct9.png":["images/undraw_empty_xct9.png"],"images/undraw_web_search_eetr.png":["images/undraw_web_search_eetr.png"],"packages/cupertino_icons/assets/CupertinoIcons.ttf":["packages/cupertino_icons/assets/CupertinoIcons.ttf"],"packages/fluttertoast/assets/toastify.css":["packages/fluttertoast/assets/toastify.css"],"packages/fluttertoast/assets/toastify.js":["packages/fluttertoast/assets/toastify.js"],"packages/wakelock_web/assets/no_sleep.js":["packages/wakelock_web/assets/no_sleep.js"]}